YearMonth,item_name,total_units_sold,total_net_sales,average_selling_price
2024-03,5 Star Shake (Milkshake),2,345.14,172.57
2024-03,Banana Crunch (Thickshake),1,211.13,211.13
2024-03,Banana Crunch Shake (Thickshake),1,211.13,211.13
2024-03,Banana Fruit Walker (Milkshake),2,345.14,172.57
2024-03,Banana Shake (Milkshake),15,2753.85,183.59
2024-03,Banana Shake (Thickshake),3,633.39,211.13
2024-03,Belgium Dark Chocolate Brownie Shake (Milkshake),12,2558.81,220.34636363636363
2024-03,Belgium Dark Chocolate Brownie Shake (Thickshake),14,3495.54,249.68142857142857
2024-03,Belgium Dark Chocolate Shake (Milkshake),26,5645.27,217.38227272727272
2024-03,Belgium Dark Chocolate Shake (Thickshake),16,3906.7200000000003,243.92533333333333
2024-03,Blackcurrant Crunch Shake (Milkshake),1,192.77,192.77
2024-03,Blackcurrant Shake (Milkshake),29,4658.5599999999995,160.64
2024-03,Blackcurrant Shake (Thickshake),2,385.54,192.77
2024-03,Blackcurrent Crunch (Milkshake),4,782.08,195.52
2024-03,Blackcurrent Shake (Milkshake),9,1379.7,153.3
2024-03,Blackcurrent Shake (Thickshake),2,363.5,181.75
2024-03,Blue Curacao,23,3166.87,137.69
2024-03,Blue Curacao Cooler,26,3484.5200000000004,134.02
2024-03,Brownie Nuts (Thickshake),1,220.3,220.3
2024-03,Caramel Shake (Milkshake),10,1791.82,178.69222222222223
2024-03,Caramel Shake (Thickshake),5,1015.25,203.05
2024-03,Chilli Guava,12,1652.28,137.69
2024-03,Chilli Guava Cooler,5,670.1,134.02
2024-03,Chilli Pineapple,2,275.38,137.69
2024-03,Chilli Pineapple Cooler,1,134.02,134.02
2024-03,Choco Chip Brownie (Milkshake),14,2827.2999999999997,201.95
2024-03,Choco Chip Brownie (Thickshake),6,1321.8000000000002,220.30000000000004
2024-03,Choco Dip Cookies Shake (Milkshake),6,1035.42,172.57000000000002
2024-03,Choco Oreo Shake (Milkshake),16,3497.29,218.466
2024-03,Choco Oreo Shake (Thickshake),8,1946.02,243.436
2024-03,Choco-Chip,4,117.48,29.37
2024-03,Choco-Chip Banana (Milkshake),6,1035.42,172.57000000000002
2024-03,Choco-Chip Banana (Thickshake),4,804.12,201.03
2024-03,Choco-Chip Banana Shake (Milkshake),1,183.59,183.59
2024-03,Choco-Chip Banana Shake (Thickshake),1,211.13,211.13
2024-03,Choco-Chip Brownie Shake (Milkshake),14,2827.2999999999997,201.94999999999996
2024-03,Choco-Chip Brownie Shake (Thickshake),8,1835.839999999999,229.48
2024-03,Choco-Dip Cookies Shake (Milkshake),3,550.77,183.59
2024-03,Choco-chip Banana (Thickshake),1,113.52000000000001,305.0
2024-03,Chocolate Brownie (Milkshake),2,403.9,201.95
2024-03,Chocolate Brownie (Thickshake),3,660.9000000000001,220.3
2024-03,Chocolate Brownie Shake (Milkshake),7,1413.6499999999999,201.94999999999996
2024-03,Chocolate Brownie Shake (Thickshake),5,1147.4,229.48
2024-03,Chocolate Shake (Milkshake),49,8808.552058,179.65385852380953
2024-03,Chocolate Shake (Thickshake),6,1246.58,207.76333333333332
2024-03,Chocolate Strawberry Shake (Milkshake),5,1073.99,214.798
2024-03,Chocolate Strawberry Shake (Thickshake),3,721.5,240.5
2024-03,Chocolate Waffle,4,444.0,111.0
2024-03,Classic Lemonade,17,2340.73,137.69
2024-03,Classic Lemonade Cooler,11,1474.22,134.02
2024-03,Classic Waffles,2,222.0,111.0
2024-03,Coffee Brownie (Milkshake),7,1413.6499999999999,201.95
2024-03,Coffee Brownie (Thickshake),2,440.6,220.3
2024-03,Coffee Brownie Shake (Milkshake),5,1009.75,201.95
2024-03,Coffee Brownie Shake (Thickshake),1,229.48,229.48
2024-03,Coffee Shake (Milkshake),25,4468.53,179.182
2024-03,Coffee Shake (Thickshake),8,1628.44,203.9157142857143
2024-03,Cold Coffee,49,6746.8099999999995,137.69
2024-03,Cold Coffee Cooler,42,5674.820000000001,135.60551724137932
2024-03,Cookie N Cream Shake (Milkshake),1,211.13,211.13
2024-03,Dates Shake (Milkshake),1,172.57,172.57
2024-03,Dry Fruit Shake (Milkshake),21,4589.62,218.14235294117648
2024-03,Dry Fruit Shake (Thickshake),5,1224.52,246.005
2024-03,Fruit A List Shake (Milkshake),5,862.8499999999999,172.57
2024-03,Fruit A List Shake (Thickshake),2,476.03,238.015
2024-03,Fruit-A-List Shake (Milkshake),1,183.59,183.59
2024-03,Hazelnut Shake (Milkshake),19,3378.0099999999998,177.79
2024-03,Hazelnut Shake (Thickshake),16,3304.62,206.23266666666666
2024-03,Ice Cream,3,82.62,27.54
2024-03,Kitkat,7,205.59,29.37
2024-03,Kitkat Shake,12,2880.0,240.0
2024-03,Kitkat Shake (Milkshake),12,2533.56,211.13000000000002
2024-03,Kitkat Shake (Thickshake),3,721.5,240.5
2024-03,Kulfi Nuts Shake (Milkshake),5,1083.16,216.632
2024-03,Kulfi Nuts Shake (Thickshake),6,1472.36,244.904
2024-03,Kulfi Shake (Milkshake),5,1092.33,218.46599999999998
2024-03,Kulfi Shake (Thickshake),2,481.0,240.5
2024-03,Lemonade,4,550.76,137.69
2024-03,Mango (Milkshake),26,4486.82,172.57
2024-03,Mango Shake (Milkshake),17,3121.03,183.59
2024-03,Mango Shake (Thickshake),3,633.39,211.13
2024-03,Munch Shake (Milkshake),1,183.59,183.59
2024-03,Nutella Brownie Shake (Milkshake),14,3029.1800000000003,216.47916666666666
2024-03,Nutella Brownie Shake (Thickshake),12,2922.7,243.83636363636361
2024-03,Oreo,2,58.74,29.37
2024-03,Oreo Banana (Milkshake),2,345.14,172.57
2024-03,Oreo Banana Shake (Milkshake),2,367.18,183.59
2024-03,Oreo Brownie (Milkshake),8,1482.1699999999998,210.2428571428571
2024-03,Oreo Brownie (Thickshake),4,960.9000000000001,246.86666666666667
2024-03,Oreo Brownie Shake (Milkshake),8,1615.6,201.95
2024-03,Oreo Brownie Shake (Thickshake),5,1147.3999999999999,229.47999999999996
2024-03,Oreo Go Nuts Shake (Milkshake),1,211.13,211.13
2024-03,Oreo Shake (Milkshake),51,9120.63,179.28902439024392
2024-03,Oreo Shake (Thickshake),11,2221.43,202.1522222222222
2024-03,Peanut Butter Banana (Thickshake),1,201.03,201.03
2024-03,Peanut Butter Banana Shake (Milkshake),1,183.59,183.59
2024-03,Peanut Butter Banana Shake (Thickshake),1,211.13,211.13
2024-03,Peanut Butter Masala (Milkshake),1,172.57,172.57
2024-03,Red Velvet,1,111.0,111.0
2024-03,Snickers Shake (Milkshake),2,431.43,215.715
2024-03,Snickers Shake (Thickshake),2,495.68,247.84
2024-03,Strawberry Banana (Milkshake),3,517.71,172.57000000000002
2024-03,Strawberry Banana (Thickshake),2,402.06,201.03
2024-03,Strawberry Banana Shake (Milkshake),10,1835.9,183.59
2024-03,Strawberry Cooler,10,1369.56,136.87444444444444
2024-03,Strawberry Crunch Shake (Milkshake),3,578.3100000000001,192.77
2024-03,Strawberry Lemonade,1,134.02,134.02
2024-03,Strawberry Shake (Milkshake),57,8936.28,156.97
2024-03,Strawberry Shake (Thickshake),9,1679.83,186.64777777777778
2024-03,Waffle,58,8454.199999999999,145.5585714285714
2024-03,Waffle Special Offer,18,1635.84,90.88
2024-03,Waffles,76,12796.15,169.62028985507249
2024-03,Wonder Vanilla Shake (Milkshake),28,4431.86,158.46518518518516
2024-03,Wonder Vanilla Shake (Thickshake),6,1134.58,189.09666666666666
2024-04,5 Star Shake (Milkshake),1,190.48,190.48
2024-04,Banana Crunch Shake (Milkshake),2,392.77,196.385
2024-04,Banana Shake (Milkshake),24,4502.619999999999,186.6522222222222
2024-04,Banana Shake (Thickshake),2,438.1,219.05
2024-04,Belgium Dark Chocolate Brownie Shake (Milkshake),16,3423.44,234.59
2024-04,Belgium Dark Chocolate Brownie Shake (Thickshake),13,3305.62,254.35
2024-04,Belgium Dark Chocolate Shake (Milkshake),31,7036.05,226.50249999999997
2024-04,Belgium Dark Chocolate Shake (Thickshake),18,4591.32,254.65999999999997
2024-04,Blackcurrant Crunch Shake (Milkshake),4,785.54,196.385
2024-04,Blackcurrant Crunch Shake (Thickshake),1,219.05,219.05
2024-04,Blackcurrant Shake (Milkshake),46,7558.279999999999,164.42627906976742
2024-04,Blackcurrant Shake (Thickshake),6,1171.08,196.385
2024-04,Blackcurrent Shake (Milkshake),2,300.0,240.0
2024-04,Blue Curacao,76,10759.130000000001,141.70253731343286
2024-04,Brownie Nuts Shake (Milkshake),3,620.99,206.99666666666667
2024-04,Cad-b,1,228.57,228.57
2024-04,Caramel Shake (Milkshake),16,2992.56,187.26466666666664
2024-04,Caramel Shake (Thickshake),4,876.2,219.05
2024-04,Chilli Guava,8,1132.54,141.38285714285715
2024-04,Chilli Guava Cooler,8,0.0,180.0
2024-04,Chilli Pineapple,2,275.38,137.69
2024-04,Choco Oreo Shake (Milkshake),25,5700.44,227.9695652173913
2024-04,Choco Oreo Shake (Thickshake),6,1500.6599999999999,265.13199999999995
2024-04,Choco-Chip Banana Shake (Milkshake),7,1298.91,185.55857142857144
2024-04,Choco-Chip Brownie Shake (Milkshake),18,3741.08,207.50133333333332
2024-04,Choco-Chip Brownie Shake (Thickshake),16,3766.5,234.78461538461536
2024-04,Choco-Dip Cookies Shake (Milkshake),3,564.55,188.1833333333333
2024-04,Choco-Dip Cookies Shake (Thickshake),2,422.26,211.13
2024-04,Chocolate Brownie (Thickshake),1,150.0,330.0
2024-04,Chocolate Brownie Shake (Milkshake),24,4990.63,207.874347826087
2024-04,Chocolate Brownie Shake (Thickshake),6,1402.74,232.92799999999997
2024-04,Chocolate Shake (Milkshake),64,12040.149999999998,188.24692307692308
2024-04,Chocolate Shake (Thickshake),6,1230.3600000000001,227.07200000000003
2024-04,Chocolate Strawberry Shake (Milkshake),4,906.01,226.5025
2024-04,Chocolate Strawberry Shake (Thickshake),1,257.14,257.14
2024-04,Classic Lemonade,51,7177.29,140.792
2024-04,Coffee Brownie (Milkshake),1,80.0,260.0
2024-04,Coffee Brownie Shake (Milkshake),13,2693.48,206.99666666666667
2024-04,Coffee Brownie Shake (Thickshake),8,1878.94,234.8675
2024-04,Coffee Shake (Milkshake),12,2244.42,187.3481818181818
2024-04,Coffee Shake (Thickshake),14,3066.7000000000003,219.05
2024-04,Cold Coffee,233,32883.117143,141.34344762
2024-04,Cold Coffee Cooler,2,180.0,180.0
2024-04,Cookest N Cream Shake (Milkshake),10,2252.62,225.81333333333333
2024-04,Cookest N Cream Shake (Thickshake),3,762.12,254.04
2024-04,Cookie N Cream Shake (Milkshake),1,105.0,285.0
2024-04,Custard Apple (sitaphal),35,7999.95,228.57
2024-04,Dates Shake (Milkshake),5,681.4399999999999,208.288
2024-04,Dry Fruit Shake (Milkshake),28,6353.07,226.76653846153846
2024-04,Dry Fruit Shake (Thickshake),10,2524.9,251.97333333333336
2024-04,Fruit-A-List Shake (Milkshake),8,1510.06,188.1833333333333
2024-04,Fruit-A-List Shake (Thickshake),2,438.1,219.05
2024-04,Hazelnut Shake (Milkshake),26,4813.5599999999995,192.47875
2024-04,Hazelnut Shake (Thickshake),6,1298.46,216.41
2024-04,Kitkat Shake,29,6960.0,240.0
2024-04,Kulfi Nuts Shake (Milkshake),8,1693.64,230.455
2024-04,Kulfi Nuts Shake (Thickshake),2,495.68,247.84
2024-04,Kulfi Shake (Milkshake),14,3074.95,232.49642857142857
2024-04,Lemonade,4,561.1,140.275
2024-04,Mango (Thickshake),1,95.0,275.0
2024-04,Mango Shake (Milkshake),76,14352.459999999997,188.572
2024-04,Mango Shake (Thickshake),17,3668.41,215.585
2024-04,Munch Shake (Milkshake),1,190.48,190.48
2024-04,Munch Shake (Thickshake),1,275.0,275.0
2024-04,Nutella Brownie Shake (Milkshake),27,6088.69,225.38923076923078
2024-04,Nutella Brownie Shake (Thickshake),18,4600.26,255.256
2024-04,Oreo 'Go' Nuts Shake (Thickshake),2,504.98,252.49
2024-04,Oreo Banana (Milkshake),1,55.0,235.0
2024-04,Oreo Banana Shake (Milkshake),5,938.62,188.7575
2024-04,Oreo Brownie (Milkshake),2,160.0,260.0
2024-04,Oreo Brownie (Thickshake),1,330.0,330.0
2024-04,Oreo Brownie Shake (Milkshake),16,3291.76,205.735
2024-04,Oreo Brownie Shake (Thickshake),12,2831.34,235.94500000000002
2024-04,Oreo Shake (Milkshake),43,8080.399999999999,187.68675675675675
2024-04,Oreo Shake (Thickshake),15,3269.9100000000003,217.61
2024-04,Peanut Butter Banana Shake (Milkshake),4,748.14,187.035
2024-04,Peanut Butter Banana Shake (Thickshake),2,430.18,215.09
2024-04,Peanut Butter Brownie Shake (Milkshake),1,285.0,285.0
2024-04,Peanut Butter Brownie Shake (Thickshake),4,897.8199999999999,269.45500000000004
2024-04,Peanut Butter Shake (Milkshake),2,380.96,190.48
2024-04,Peanut Butter Shake (Thickshake),1,219.05,219.05
2024-04,Red Velvet Shake,4,914.28,228.57
2024-04,Snickers Shake (Milkshake),12,2734.57,227.743
2024-04,Strawberry Banana Shake (Milkshake),17,3183.04,187.465625
2024-04,Strawberry Banana Shake (Thickshake),12,2589.0,215.53
2024-04,Strawberry Cooler,25,3540.4800000000005,141.6192
2024-04,Strawberry Crunch Shake (Milkshake),5,985.54,197.108
2024-04,Strawberry Crunch Shake (Thickshake),1,219.05,219.05
2024-04,Strawberry Shake (Milkshake),108,17695.879999999997,165.7340449438202
2024-04,Strawberry Shake (Thickshake),13,2571.08,198.02818181818182
2024-04,Waffles,195,34215.597296,176.2048724494382
2024-04,Wonder Vanilla Shake (Milkshake),38,6391.089999999999,166.13968749999998
2024-04,Wonder Vanilla Shake (Thickshake),9,1792.77,199.09625
2024-05,5 Star Shake (Milkshake),1,190.48,190.48
2024-05,5 Star Shake (Thickshake),1,219.05,219.05
2024-05,Banana Crunch Shake (Milkshake),2,400.0,200.0
2024-05,Banana Crunch Shake (Thickshake),1,219.05,219.05
2024-05,Banana Shake (Milkshake),13,2438.14,190.48
2024-05,Belgium Dark Chocolate Brownie Shake (Milkshake),19,4371.4,230.15722222222223
2024-05,Belgium Dark Chocolate Brownie Shake (Thickshake),14,3599.96,257.14
2024-05,Belgium Dark Chocolate Shake (Milkshake),48,10999.93,229.2048888888889
2024-05,Belgium Dark Chocolate Shake (Thickshake),20,5142.799999999999,257.14
2024-05,Blackcurrant Crunch Shake (Milkshake),1,200.0,200.0
2024-05,Blackcurrant Crunch Shake (Thickshake),2,438.1,219.05
2024-05,Blackcurrant Shake (Milkshake),35,5833.45,166.67
2024-05,Blackcurrant Shake (Thickshake),5,1000.0,200.0
2024-05,Blackcurrent Shake (Milkshake),7,920.26,214.28571428571428
2024-05,Blue Curacao,118,16828.9,142.86
2024-05,Brownie Nuts Shake (Milkshake),4,838.08,209.52
2024-05,Brownie Nuts Shake (Thickshake),2,476.2,238.1
2024-05,Cad-b,52,11885.64,228.57
2024-05,Caramel Shake (Milkshake),20,3461.02,192.82315789473682
2024-05,Caramel Shake (Thickshake),4,876.2,219.05
2024-05,Chilli Guava,27,3821.9800000000005,142.86
2024-05,Chilli Guava Cooler,5,-350.0,180.0
2024-05,Choco Oreo Shake (Milkshake),42,9599.94,228.57
2024-05,Choco Oreo Shake (Thickshake),13,3342.8199999999997,257.14
2024-05,Choco-A-List Shake (Milkshake),4,914.28,228.57
2024-05,Choco-A-List Shake (Thickshake),1,257.14,257.14
2024-05,Choco-Chip Banana Shake (Milkshake),3,571.4399999999999,190.48
2024-05,Choco-Chip Banana Shake (Thickshake),1,219.05,219.05
2024-05,Choco-Chip Brownie Shake (Milkshake),32,6627.5,209.52
2024-05,Choco-Chip Brownie Shake (Thickshake),15,3571.5,238.1
2024-05,Choco-Dip Cookies Shake (Milkshake),11,2095.2799999999997,190.48
2024-05,Choco-Dip Cookies Shake (Thickshake),2,438.1,219.05
2024-05,Chocolate Brownie Shake (Milkshake),33,6900.84381,210.50564862068967
2024-05,Chocolate Brownie Shake (Thickshake),17,4047.7,238.1
2024-05,Chocolate Shake (Milkshake),103,19464.669999999987,190.84164556962025
2024-05,Chocolate Shake (Thickshake),12,2628.597619,219.04965985714287
2024-05,Chocolate Strawberry Shake (Milkshake),3,641.9,228.57000000000002
2024-05,Chocolate Strawberry Shake (Thickshake),6,1542.84,257.14
2024-05,Classic Lemonade,86,12285.960000000001,142.86
2024-05,Classic Lemonade Cooler,1,180.0,180.0
2024-05,Coffee Brownie Shake (Milkshake),24,4984.67,209.52
2024-05,Coffee Brownie Shake (Thickshake),10,2381.0,238.1
2024-05,Coffee Shake (Milkshake),7,1323.83,195.24166666666667
2024-05,Coffee Shake (Thickshake),7,1533.3500000000001,219.05000000000004
2024-05,Cold Coffee,441,62972.671429,142.85997123825507
2024-05,Cookest N Cream Shake (Milkshake),9,2057.13,228.57000000000002
2024-05,Cookest N Cream Shake (Thickshake),3,745.7099999999999,257.14
2024-05,Cookie N Cream Shake (Milkshake),1,72.0,285.0
2024-05,Custard Apple (sitaphal),65,14792.289999999999,228.57
2024-05,Dates Shake (Milkshake),4,761.92,190.48
2024-05,Dry Fruit Shake (Milkshake),36,8299.72,242.6775
2024-05,Dry Fruit Shake (Thickshake),5,1285.6999999999998,257.14
2024-05,Fruit A List Shake (Milkshake),1,55.0,235.0
2024-05,Fruit-A-List Shake (Milkshake),8,1523.839999999999,190.48
2024-05,Fruit-A-List Shake (Thickshake),4,904.77,228.57333333333335
2024-05,Hazelnut Shake (Milkshake),47,8895.41,190.48
2024-05,Hazelnut Shake (Thickshake),7,1533.3500000000001,219.05
2024-05,Kitkat Shake,29,6940.95,240.0
2024-05,Kulfi Nuts Shake (Milkshake),7,1599.99,228.57
2024-05,Kulfi Nuts Shake (Thickshake),3,771.42,257.14
2024-05,Kulfi Shake (Milkshake),5,1142.85,228.57
2024-05,Kulfi Shake (Thickshake),2,514.28,257.14
2024-05,Lemonade,1,142.86,142.86
2024-05,Mango Shake (Milkshake),117,22286.159999999985,190.48
2024-05,Mango Shake (Thickshake),5,1095.25,219.05
2024-05,Nutella Brownie Shake (Milkshake),35,7899.8099999999995,230.28
2024-05,Nutella Brownie Shake (Thickshake),13,3507.1099999999997,269.7776923076923
2024-05,Oreo 'Go' Nuts Shake (Milkshake),1,228.57,228.57
2024-05,Oreo Banana Shake (Milkshake),7,1333.36,190.48
2024-05,Oreo Banana Shake (Thickshake),1,219.05,219.05
2024-05,Oreo Brownie (Milkshake),3,425.0,260.0
2024-05,Oreo Brownie (Thickshake),1,330.0,330.0
2024-05,Oreo Brownie Shake (Milkshake),38,7887.4800000000005,209.52
2024-05,Oreo Brownie Shake (Thickshake),4,952.4,238.1
2024-05,Oreo Shake (Milkshake),55,10098.05,192.1042222222222
2024-05,Oreo Shake (Thickshake),9,2055.9700000000003,229.615
2024-05,Pan Shake (Milkshake),1,30.0,210.0
2024-05,Peanut Butter Banana Shake (Milkshake),1,190.48,190.48
2024-05,Peanut Butter Brownie Shake (Milkshake),1,199.5,285.0
2024-05,Peanut Butter Shake (Milkshake),1,190.48,190.48
2024-05,Red Velvet Shake,9,2057.13,228.57
2024-05,Snickers Shake (Milkshake),2,457.14,228.57
2024-05,Strawberry Banana Shake (Milkshake),9,1714.32,190.48
2024-05,Strawberry Banana Shake (Thickshake),2,438.1,219.05
2024-05,Strawberry Cooler,41,5685.83,142.86
2024-05,Strawberry Crunch Shake (Milkshake),1,200.0,200.0
2024-05,Strawberry Crunch Shake (Thickshake),1,219.05,219.05
2024-05,Strawberry Shake (Milkshake),122,20317.069999999996,166.66999999999996
2024-05,Strawberry Shake (Thickshake),8,1600.0,200.0
2024-05,Waffle,6,840.0,200.0
2024-05,Waffles,252,43313.40619,173.6535332900433
2024-05,Wonder Vanilla Shake (Milkshake),49,8166.826666999999,166.66992064285714
2024-05,Wonder Vanilla Shake (Thickshake),9,1828.57,204.08142857142857
2024-06,5 Star Shake (Milkshake),2,380.96,190.48
2024-06,Banana Crunch Shake (Milkshake),2,400.0,200.0
2024-06,Banana Shake (Milkshake),17,3238.16,190.48
2024-06,Banana Shake (Thickshake),1,219.05,219.05
2024-06,Belgium Dark Chocolate Brownie Shake (Milkshake),27,6171.389999999999,228.57000000000002
2024-06,Belgium Dark Chocolate Brownie Shake (Thickshake),17,4371.379999999999,257.14
2024-06,Belgium Dark Chocolate Shake (Milkshake),39,8999.23,231.14575757575756
2024-06,Belgium Dark Chocolate Shake (Thickshake),10,2571.3999999999996,257.14
2024-06,Blackcurrant Crunch Shake (Milkshake),1,200.0,200.0
2024-06,Blackcurrant Crunch Shake (Thickshake),1,219.05,219.05
2024-06,Blackcurrant Shake (Milkshake),47,7833.49,166.67
2024-06,Blackcurrant Shake (Thickshake),5,1000.0,200.0
2024-06,Blackcurrent Crunch (Thickshake),1,285.0,285.0
2024-06,Blackcurrent Shake (Milkshake),3,567.0,210.0
2024-06,Blue Curacao,104,14857.437143000001,142.8599667790698
2024-06,Brownie Nuts Shake (Milkshake),4,838.08,209.52
2024-06,Cad-b,89,20342.73,228.57000000000002
2024-06,Caramel Shake (Milkshake),13,2609.7999999999997,198.57454545454542
2024-06,Caramel Shake (Thickshake),2,438.1,219.05
2024-06,Chilli Guava,30,4285.8,142.86
2024-06,Chilli Guava Cooler,5,270.02,180.0
2024-06,Choco Oreo Shake (Milkshake),22,5028.54,228.57
2024-06,Choco Oreo Shake (Thickshake),4,1085.6999999999998,266.66333333333336
2024-06,Choco-A-List Shake (Milkshake),1,228.57,228.57
2024-06,Choco-A-List Shake (Thickshake),1,257.14,257.14
2024-06,Choco-Chip Banana Shake (Milkshake),1,190.48,190.48
2024-06,Choco-Chip Brownie Shake (Milkshake),42,8828.42,210.2170731707317
2024-06,Choco-Chip Brownie Shake (Thickshake),10,2381.0,238.1
2024-06,Choco-Dip Cookies Shake (Milkshake),7,1333.36,190.48
2024-06,Choco-Dip Cookies Shake (Thickshake),3,685.72,228.57333333333335
2024-06,Chocolate Brownie Shake (Milkshake),33,6942.74,210.5785185185185
2024-06,Chocolate Brownie Shake (Thickshake),13,3095.3,238.1
2024-06,Chocolate Shake (Milkshake),64,12190.72,190.48
2024-06,Chocolate Shake (Thickshake),7,1533.3500000000001,219.05
2024-06,Chocolate Strawberry Shake (Milkshake),4,914.28,228.57
2024-06,Chocolate Strawberry Shake (Thickshake),1,257.14,257.14
2024-06,Classic Lemonade,50,7143.000000000001,142.86
2024-06,Coffee Brownie Shake (Milkshake),26,5447.5199999999995,209.52
2024-06,Coffee Brownie Shake (Thickshake),10,2381.0,238.1
2024-06,Coffee Shake (Milkshake),2,380.96,190.48
2024-06,Coffee Shake (Thickshake),3,657.1500000000001,219.05000000000004
2024-06,Cold Coffee,388,55429.68000000001,142.86
2024-06,Cold Coffee Cooler,1,180.0,180.0
2024-06,Cookest N Cream Shake (Milkshake),6,1371.42,228.57000000000002
2024-06,Cookest N Cream Shake (Thickshake),1,257.14,257.14
2024-06,Custard Apple (sitaphal),10,2285.7,228.57
2024-06,Dates Shake (Milkshake),2,380.96,190.48
2024-06,Dates Shake (Thickshake),1,219.05,219.05
2024-06,Dry Fruit Shake (Milkshake),37,8369.88,233.40685714285715
2024-06,Dry Fruit Shake (Thickshake),4,1028.56,257.14
2024-06,Fruit-A-List Shake (Milkshake),9,1714.32,190.48
2024-06,Hazelnut Shake (Milkshake),33,6330.36,191.87125
2024-06,Hazelnut Shake (Thickshake),4,876.2,219.05
2024-06,Kitkat Shake,25,6000.0,240.0
2024-06,Kulfi Nuts Shake (Milkshake),8,1766.47,263.83875
2024-06,Kulfi Nuts Shake (Thickshake),9,2314.2599999999998,257.14
2024-06,Kulfi Shake (Milkshake),8,1884.99,236.6314285714286
2024-06,Kulfi Shake (Thickshake),3,771.42,257.14
2024-06,Mango Shake (Milkshake),62,11809.759999999998,190.47999999999996
2024-06,Mango Shake (Thickshake),1,219.05,219.05
2024-06,Munch Shake (Thickshake),1,219.05,219.05
2024-06,Nutella Brownie Shake (Milkshake),36,8242.2,230.58535714285713
2024-06,Nutella Brownie Shake (Thickshake),12,3182.1099999999997,265.1758333333333
2024-06,Oreo 'Go' Nuts Shake (Milkshake),4,914.28,228.57
2024-06,Oreo Banana Shake (Milkshake),2,380.96,190.48
2024-06,Oreo Banana Shake (Thickshake),2,438.1,219.05
2024-06,Oreo Brownie (Milkshake),1,260.0,260.0
2024-06,Oreo Brownie (Thickshake),2,510.0,300.0
2024-06,Oreo Brownie Shake (Milkshake),24,5028.4800000000005,209.52
2024-06,Oreo Brownie Shake (Thickshake),3,714.3,238.1
2024-06,Oreo Shake (Milkshake),51,9714.48,190.48000000000002
2024-06,Oreo Shake (Thickshake),4,876.2,219.05000000000004
2024-06,Pan Shake (Milkshake),8,1333.36,166.67
2024-06,Peanut Butter Banana Shake (Milkshake),2,380.96,190.48
2024-06,Peanut Butter Banana Shake (Thickshake),1,219.05,219.05
2024-06,Peanut Butter Brownie Shake (Milkshake),4,925.72,242.6775
2024-06,Peanut Butter Brownie Shake (Thickshake),2,542.8499999999999,271.42499999999995
2024-06,Peanut Butter Shake (Milkshake),1,190.48,190.48
2024-06,Peanut Butter Shake (Thickshake),1,219.05,219.05
2024-06,Snickers Shake (Milkshake),3,742.8499999999999,247.61666666666665
2024-06,Snickers Shake (Thickshake),2,542.8499999999999,271.42499999999995
2024-06,Strawberry Banana Shake (Milkshake),12,2285.7599999999998,190.48
2024-06,Strawberry Banana Shake (Thickshake),2,438.1,219.05
2024-06,Strawberry Cooler,27,3857.2200000000003,142.86
2024-06,Strawberry Crunch Shake (Milkshake),2,400.0,200.0
2024-06,Strawberry Shake (Milkshake),108,18036.03,167.87268041237112
2024-06,Strawberry Shake (Thickshake),6,1200.0,200.0
2024-06,Waffle,17,2430.0,203.33333333333334
2024-06,Waffles,222,38399.62,173.2787962962963
2024-06,Wonder Vanilla Shake (Milkshake),43,7165.149999999999,168.02406249999999
2024-06,Wonder Vanilla Shake (Thickshake),2,400.0,200.0
2024-07,5 Star Shake (Milkshake),1,190.48,190.48
2024-07,Banana Crunch Shake (Milkshake),2,400.0,200.0
2024-07,Banana Crunch Shake (Thickshake),2,438.1,219.05
2024-07,Banana Shake (Milkshake),14,2666.72,190.48
2024-07,Banana Shake (Thickshake),1,219.05,219.05
2024-07,Belgium Dark Chocolate Brownie Shake (Milkshake),48,10971.36,228.57
2024-07,Belgium Dark Chocolate Brownie Shake (Thickshake),22,5724.94,261.38124999999997
2024-07,Belgium Dark Chocolate Shake (Milkshake),48,10971.359999999999,228.57
2024-07,Belgium Dark Chocolate Shake (Thickshake),17,4371.38,257.14
2024-07,Blackcurrant Crunch Shake (Milkshake),2,400.0,200.0
2024-07,Blackcurrant Shake (Milkshake),43,7171.806667,166.66991228947367
2024-07,Blackcurrant Shake (Thickshake),4,800.0,200.0
2024-07,Blackcurrent Shake (Milkshake),3,314.2,210.0
2024-07,Blackcurrent Shake (Thickshake),1,250.0,250.0
2024-07,Blue Curacao,58,8285.880000000001,142.86
2024-07,Brownie Nuts Shake (Milkshake),3,628.5600000000001,209.52
2024-07,Brownie Nuts Shake (Thickshake),2,476.2,238.1
2024-07,Cad-b,90,20571.3,228.57
2024-07,Caramel Shake (Milkshake),12,2285.7599999999998,190.48
2024-07,Caramel Shake (Thickshake),2,438.1,219.05
2024-07,Chilli Guava,11,1571.46,142.86
2024-07,Chilli Pineapple,8,1142.88,142.86
2024-07,Chilli Pineapple Cooler,3,0.0,180.0
2024-07,Choco Oreo Shake (Milkshake),33,7542.8099999999995,228.57
2024-07,Choco Oreo Shake (Thickshake),4,1028.56,257.14
2024-07,Choco-A-List Shake (Milkshake),1,228.57,228.57
2024-07,Choco-A-List Shake (Thickshake),1,257.14,257.14
2024-07,Choco-Chip Banana Shake (Milkshake),6,1142.8799999999999,190.48
2024-07,Choco-Chip Banana Shake (Thickshake),2,438.1,219.05
2024-07,Choco-Chip Brownie Shake (Milkshake),46,9575.060000000001,209.52
2024-07,Choco-Chip Brownie Shake (Thickshake),8,1904.8,238.1
2024-07,Choco-Dip Cookies Shake (Milkshake),5,952.4,190.48
2024-07,Choco-Dip Cookies Shake (Thickshake),1,219.05,219.05
2024-07,Chocolate Brownie (Milkshake),2,340.0,260.0
2024-07,Chocolate Brownie Shake (Milkshake),24,5028.483810000001,209.52016565217392
2024-07,Chocolate Brownie Shake (Thickshake),1,238.1,238.1
2024-07,Chocolate Shake (Milkshake),59,11238.316189999998,190.47993072727272
2024-07,Chocolate Shake (Thickshake),4,876.2,219.05
2024-07,Chocolate Strawberry Shake (Milkshake),6,1371.42,228.57000000000002
2024-07,Chocolate Strawberry Shake (Thickshake),2,514.28,257.14
2024-07,Classic Lemonade,33,4714.38,142.86
2024-07,Coffee Brownie Shake (Milkshake),19,3980.88,209.52
2024-07,Coffee Brownie Shake (Thickshake),7,1666.7,238.1
2024-07,Coffee Shake (Milkshake),2,380.96,190.48
2024-07,Coffee Shake (Thickshake),14,3066.7000000000003,219.05
2024-07,Cold Coffee,383,54715.371429000006,142.85997859925095
2024-07,Cold Coffee Cooler,4,319.0,180.0
2024-07,Cookest N Cream Shake (Milkshake),6,1371.42,228.57
2024-07,Custard Apple (sitaphal),20,4571.4,228.57
2024-07,Dates Shake (Milkshake),3,571.4399999999999,190.48
2024-07,Dry Fruit Shake (Milkshake),46,9594.271429,235.804652025641
2024-07,Dry Fruit Shake (Thickshake),5,1383.56,276.712
2024-07,Fruit A List Shake (Milkshake),4,760.0,235.0
2024-07,Fruit-A-List Shake (Milkshake),12,2285.7599999999998,190.48
2024-07,Hazelnut Shake (Milkshake),19,3619.12,190.48
2024-07,Hazelnut Shake (Thickshake),5,1095.25,219.05
2024-07,Kitkat Shake,26,6240.0,240.0
2024-07,Kulfi Nuts Shake (Milkshake),10,1060.01,266.19
2024-07,Kulfi Nuts Shake (Thickshake),2,514.28,257.14
2024-07,Kulfi Shake (Milkshake),9,2114.27,235.71249999999998
2024-07,Kulfi Shake (Thickshake),2,514.28,257.14
2024-07,Mango Shake (Milkshake),73,13905.039999999999,190.48
2024-07,Mango Shake (Thickshake),3,657.1500000000001,219.05000000000004
2024-07,Munch Shake (Milkshake),1,190.48,190.48
2024-07,Nutella Brownie Shake (Milkshake),29,6538.96,230.7403846153846
2024-07,Nutella Brownie Shake (Thickshake),16,4249.9628569999995,266.18819046666664
2024-07,Oreo 'Go' Nuts Shake (Milkshake),3,685.71,228.57000000000002
2024-07,Oreo 'Go' Nuts Shake (Thickshake),2,514.28,257.14
2024-07,Oreo Banana Shake (Milkshake),5,952.4,190.48
2024-07,Oreo Brownie (Thickshake),1,300.0,300.0
2024-07,Oreo Brownie Shake (Milkshake),25,5238.0,209.52
2024-07,Oreo Brownie Shake (Thickshake),5,1219.066667,243.8133334
2024-07,Oreo Shake (Milkshake),54,10330.439999999999,191.56585365853658
2024-07,Oreo Shake (Thickshake),7,1533.3500000000001,219.05000000000004
2024-07,Pan Shake (Milkshake),1,166.67,166.67
2024-07,Pan Shake (Thickshake),2,400.0,200.0
2024-07,Peanut Butter Banana (Milkshake),1,55.0,235.0
2024-07,Peanut Butter Banana Shake (Milkshake),1,190.48,190.48
2024-07,Peanut Butter Banana Shake (Thickshake),1,219.05,219.05
2024-07,Peanut Butter Brownie Shake (Milkshake),1,228.57,228.57
2024-07,Peanut Butter Brownie Shake (Thickshake),1,257.14,257.14
2024-07,Peanut Butter Shake (Milkshake),1,190.48,190.48
2024-07,Red Velvet Shake,8,1828.56,228.57
2024-07,Snickers Shake (Milkshake),1,228.57,228.57
2024-07,Snickers Shake (Thickshake),1,257.14,257.14
2024-07,Strawberry Banana Shake (Milkshake),17,3238.16,190.48
2024-07,Strawberry Banana Shake (Thickshake),5,1095.25,219.05
2024-07,Strawberry Cooler,29,4142.9400000000005,142.86
2024-07,Strawberry Crunch Shake (Thickshake),2,438.1,219.05
2024-07,Strawberry Shake (Milkshake),111,18500.37,166.67
2024-07,Strawberry Shake (Thickshake),6,1200.0,200.0
2024-07,Waffle,6,687.4,200.0
2024-07,Waffles,236,40266.14,170.59244239631334
2024-07,Wonder Vanilla Shake (Milkshake),46,7666.82,166.67
2024-07,Wonder Vanilla Shake (Thickshake),1,200.0,200.0
2024-08,Banana Crunch Shake (Milkshake),5,1000.0,200.0
2024-08,Banana Crunch Shake (Thickshake),2,438.1,219.05
2024-08,Banana Shake (Milkshake),23,4381.04,190.48
2024-08,Banana Shake (Thickshake),4,876.2,219.05
2024-08,Belgium Dark Chocolate Brownie Shake (Milkshake),32,7314.24,228.57
2024-08,Belgium Dark Chocolate Brownie Shake (Thickshake),13,3342.8199999999997,257.14
2024-08,Belgium Dark Chocolate Shake (Milkshake),70,16028.47,229.06258620689653
2024-08,Belgium Dark Chocolate Shake (Thickshake),12,3085.68,257.14
2024-08,Blackcurrant Crunch Shake (Milkshake),2,400.0,200.0
2024-08,Blackcurrant Crunch Shake (Thickshake),1,219.05,219.05
2024-08,Blackcurrant Shake (Milkshake),46,7666.816666999999,166.669916675
2024-08,Blackcurrant Shake (Thickshake),12,2400.0,200.0
2024-08,Blackcurrent Shake (Milkshake),3,510.0,230.0
2024-08,Blue Curacao,79,11285.94,142.86
2024-08,Brownie Nuts (Thickshake),1,300.0,300.0
2024-08,Brownie Nuts Shake (Milkshake),2,419.04,209.52
2024-08,Brownie Nuts Shake (Thickshake),1,238.1,238.1
2024-08,Cad-b,102,23314.14,228.57
2024-08,Caramel Shake (Milkshake),17,3238.159999999998,190.48
2024-08,Caramel Shake (Thickshake),1,219.05,219.05
2024-08,Chilli Guava,17,2428.6200000000003,142.86
2024-08,Chilli Pineapple,11,1571.46,142.86
2024-08,Chilli Pineapple Cooler,3,-75.0,180.0
2024-08,Choco Chip Brownie (Milkshake),1,260.0,260.0
2024-08,Choco Oreo Shake (Milkshake),36,8257.09,229.49161290322579
2024-08,Choco Oreo Shake (Thickshake),4,1164.28,279.76
2024-08,Choco-A-List Shake (Milkshake),5,1142.851429,228.57028580000002
2024-08,Choco-A-List Shake (Thickshake),3,771.42,257.14
2024-08,Choco-Chip Banana Shake (Milkshake),8,1523.84,190.48
2024-08,Choco-Chip Banana Shake (Thickshake),1,219.05,219.05
2024-08,Choco-Chip Brownie Shake (Milkshake),52,10895.043810000001,209.52007775510202
2024-08,Choco-Chip Brownie Shake (Thickshake),5,1190.5,238.1
2024-08,Choco-Dip Cookies Shake (Milkshake),6,1142.8799999999999,190.48
2024-08,Choco-Dip Cookies Shake (Thickshake),1,219.05,219.05
2024-08,Chocolate Brownie Shake (Milkshake),39,8171.280000000001,209.52
2024-08,Chocolate Brownie Shake (Thickshake),4,952.4,238.1
2024-08,Chocolate Shake (Milkshake),86,16381.279999999999,190.48
2024-08,Chocolate Shake (Thickshake),11,2409.55,219.05
2024-08,Chocolate Strawberry Shake (Milkshake),10,2285.7,228.57000000000002
2024-08,Chocolate Strawberry Shake (Thickshake),1,257.14,257.14
2024-08,Classic Lemonade,64,9143.04,142.86
2024-08,Coffee Brownie (Milkshake),1,260.0,260.0
2024-08,Coffee Brownie Shake (Milkshake),28,5866.56,209.52
2024-08,Coffee Brownie Shake (Thickshake),6,1428.6,238.1
2024-08,Coffee Shake (Milkshake),7,1333.36,190.48
2024-08,Coffee Shake (Thickshake),4,876.2,219.05000000000004
2024-08,Cold Coffee,494,70572.83142900001,142.85998421546964
2024-08,Cold Coffee Cooler,1,180.0,180.0
2024-08,Cookest N Cream Shake (Milkshake),5,1142.85,228.57
2024-08,Cookest N Cream Shake (Thickshake),2,514.28,257.14
2024-08,Dates Shake (Milkshake),3,571.4399999999999,190.48
2024-08,Dates Shake (Thickshake),1,219.05,219.05
2024-08,Dry Fruit Shake (Milkshake),69,15647.764287,229.52648911864407
2024-08,Dry Fruit Shake (Thickshake),9,2314.2599999999998,257.14
2024-08,Fruit-A-List Shake (Milkshake),8,1523.83619,190.4794557142857
2024-08,Fruit-A-List Shake (Thickshake),3,657.15,219.05
2024-08,Hazelnut Shake (Milkshake),48,9171.609999999999,191.19424999999998
2024-08,Hazelnut Shake (Thickshake),9,1971.45,219.05
2024-08,Kitkat Shake,38,9120.0,240.0
2024-08,Kitkat Shake (Milkshake),1,315.0,315.0
2024-08,Kulfi Nuts Shake (Milkshake),7,1742.85,248.97857142857143
2024-08,Kulfi Nuts Shake (Thickshake),3,771.42,257.14
2024-08,Kulfi Shake (Milkshake),1,228.57,228.57
2024-08,Kulfi Shake (Thickshake),3,771.422857,257.14095233333336
2024-08,Lemonade,2,285.72,142.86
2024-08,Mango (Milkshake),1,235.0,235.0
2024-08,Mango Shake (Milkshake),101,19238.476189999998,190.47995517647058
2024-08,Mango Shake (Thickshake),6,1314.3000000000002,219.05000000000004
2024-08,Nutella Brownie Shake (Milkshake),27,6285.671429,232.80264551851852
2024-08,Nutella Brownie Shake (Thickshake),7,1867.8428569999999,266.83469385714284
2024-08,Oreo 'Go' Nuts Shake (Milkshake),4,914.28,228.57
2024-08,Oreo 'Go' Nuts Shake (Thickshake),1,257.14,257.14
2024-08,Oreo Banana (Milkshake),1,235.0,235.0
2024-08,Oreo Banana Shake (Milkshake),4,761.92,190.48
2024-08,Oreo Banana Shake (Thickshake),2,438.1,219.05
2024-08,Oreo Brownie (Thickshake),1,300.0,300.0
2024-08,Oreo Brownie Shake (Milkshake),36,7542.72,209.52
2024-08,Oreo Brownie Shake (Thickshake),7,1666.7,238.1
2024-08,Oreo Shake (Milkshake),48,9143.039999999999,190.48
2024-08,Oreo Shake (Thickshake),5,1095.25,219.05
2024-08,Pan Shake (Milkshake),3,500.01,166.67
2024-08,Peanut Butter Banana Shake (Milkshake),2,380.96,190.48
2024-08,Peanut Butter Brownie Shake (Milkshake),1,228.57,228.57
2024-08,Peanut Butter Brownie Shake (Thickshake),2,514.28,257.14
2024-08,Peanut Butter Shake (Milkshake),2,380.96,190.48
2024-08,Peanut Butter Shake (Thickshake),1,275.0,275.0
2024-08,Red Velvet Shake,10,2285.7,228.57
2024-08,Snickers Shake (Thickshake),3,771.42,257.14
2024-08,Strawberry Banana Shake (Milkshake),21,4000.08,190.48
2024-08,Strawberry Banana Shake (Thickshake),1,219.05,219.05
2024-08,Strawberry Cooler,19,2714.34,142.86
2024-08,Strawberry Crunch Shake (Milkshake),4,800.0,200.0
2024-08,Strawberry Shake (Milkshake),128,21333.76,166.67
2024-08,Strawberry Shake (Thickshake),10,2000.0,200.0
2024-08,Waffle,12,1165.0,200.0
2024-08,Waffles,276,47342.339524,172.02676977952757
2024-08,Wonder Vanilla Shake (Milkshake),50,8295.83,167.591914893617
2024-08,Wonder Vanilla Shake (Thickshake),3,600.0,200.0
2024-09,Banana Crunch Shake (Milkshake),1,200.0,200.0
2024-09,Banana Crunch Shake (Thickshake),1,219.05,219.05
2024-09,Banana Shake (Milkshake),17,3238.16,190.48
2024-09,Banana Shake (Thickshake),1,219.05,219.05
2024-09,Belgium Dark Chocolate Brownie Shake (Milkshake),14,3076.41,232.60071428571428
2024-09,Belgium Dark Chocolate Brownie Shake (Thickshake),11,2828.54,257.14
2024-09,Belgium Dark Chocolate Shake (Milkshake),27,6199.96,230.0736842105263
2024-09,Belgium Dark Chocolate Shake (Thickshake),10,2571.3999999999996,257.14
2024-09,Blackcurrant Crunch Shake (Milkshake),2,400.0,200.0
2024-09,Blackcurrant Shake (Milkshake),29,4833.429999999999,166.67000000000002
2024-09,Blackcurrant Shake (Thickshake),3,600.0,200.0
2024-09,Blackcurrent Shake (Milkshake),1,210.0,210.0
2024-09,Blue Curacao,33,4714.38,142.86
2024-09,Brownie Nuts Shake (Thickshake),1,238.1,238.1
2024-09,Cad-b,44,10057.08,228.57
2024-09,Caramel Shake (Milkshake),9,1714.32,190.48
2024-09,Caramel Shake (Thickshake),11,2409.5499999999997,219.05
2024-09,Chilli Guava,15,2142.9,142.86
2024-09,Chilli Pineapple,7,1000.0200000000001,142.86
2024-09,Chilli Pineapple Cooler,2,0.0,180.0
2024-09,Choco Chip Brownie (Milkshake),1,260.0,260.0
2024-09,Choco Chip Brownie (Thickshake),1,300.0,300.0
2024-09,Choco Oreo Shake (Milkshake),30,6885.67,229.62814814814814
2024-09,Choco Oreo Shake (Thickshake),4,1262.1399999999999,315.53499999999997
2024-09,Choco-A-List Shake (Thickshake),1,257.14,257.14
2024-09,Choco-Chip Banana Shake (Milkshake),9,1714.32,190.48
2024-09,Choco-Chip Banana Shake (Thickshake),1,219.05,219.05
2024-09,Choco-Chip Brownie Shake (Milkshake),40,8437.960000000001,211.15314285714288
2024-09,Choco-Chip Brownie Shake (Thickshake),8,1904.8,238.1
2024-09,Choco-Dip Cookies Shake (Milkshake),4,761.92,190.48
2024-09,Choco-Dip Cookies Shake (Thickshake),1,219.05,219.05
2024-09,Chocolate Brownie Shake (Milkshake),19,3980.88,209.52
2024-09,Chocolate Brownie Shake (Thickshake),4,952.4,238.1
2024-09,Chocolate Shake (Milkshake),52,9904.96,190.48
2024-09,Chocolate Shake (Thickshake),2,438.1,219.05
2024-09,Chocolate Strawberry Shake (Milkshake),2,457.14,228.57
2024-09,Classic Lemonade,21,3000.0600000000004,142.86
2024-09,Coffee Brownie Shake (Milkshake),17,3561.84,209.52
2024-09,Coffee Brownie Shake (Thickshake),1,238.1,238.1
2024-09,Coffee Shake (Milkshake),3,571.4399999999999,190.48
2024-09,Coffee Shake (Thickshake),7,1533.3500000000001,219.05000000000004
2024-09,Cold Coffee,322,46000.91428600001,142.85997342325584
2024-09,Cold Coffee Cooler,1,180.0,180.0
2024-09,Cookest N Cream Shake (Milkshake),4,914.28,228.57
2024-09,Cookest N Cream Shake (Thickshake),1,257.14,257.14
2024-09,Dates Shake (Milkshake),3,435.96,205.32000000000002
2024-09,Dry Fruit Shake (Milkshake),25,5827.11,233.7
2024-09,Dry Fruit Shake (Thickshake),1,175.0,355.0
2024-09,Fruit A List Shake (Milkshake),6,1410.0,235.0
2024-09,Fruit-A-List Shake (Milkshake),8,1552.4099999999999,194.05124999999998
2024-09,Fruit-A-List Shake (Thickshake),1,219.05,219.05
2024-09,Hazelnut Shake (Milkshake),28,5333.44,190.48
2024-09,Hazelnut Shake (Thickshake),5,1095.25,219.05
2024-09,Kitkat Shake,17,4080.0,240.0
2024-09,Kulfi Nuts Shake (Milkshake),8,1828.56,228.57000000000002
2024-09,Kulfi Shake (Milkshake),6,1371.42,228.57
2024-09,Kulfi Shake (Thickshake),2,542.8499999999999,271.42499999999995
2024-09,Lemonade,4,571.44,142.86
2024-09,Mango Shake (Milkshake),31,5904.879999999999,190.48
2024-09,Mango Shake (Thickshake),3,657.1500000000001,219.05000000000004
2024-09,Nutella Brownie Shake (Milkshake),29,6741.391428999999,232.60076532142855
2024-09,Nutella Brownie Shake (Thickshake),7,1799.98,257.14
2024-09,Oreo 'Go' Nuts Shake (Milkshake),1,228.57,228.57
2024-09,Oreo Banana (Milkshake),1,265.0,265.0
2024-09,Oreo Banana Shake (Milkshake),3,571.4399999999999,190.48
2024-09,Oreo Banana Shake (Thickshake),1,219.05,219.05
2024-09,Oreo Brownie (Thickshake),1,300.0,300.0
2024-09,Oreo Brownie Shake (Milkshake),13,2752.34,211.71846153846155
2024-09,Oreo Brownie Shake (Thickshake),2,476.2,238.1
2024-09,Oreo Shake (Milkshake),28,5333.439999999999,190.48
2024-09,Oreo Shake (Thickshake),9,2083.35,237.70000000000002
2024-09,Pan Shake (Milkshake),1,166.67,166.67
2024-09,Peanut Butter Banana Shake (Milkshake),1,190.48,190.48
2024-09,Peanut Butter Banana Shake (Thickshake),1,219.05,219.05
2024-09,Peanut Butter Brownie Shake (Milkshake),2,457.14,228.57
2024-09,Snickers Shake (Milkshake),2,457.14,228.57
2024-09,Snickers Shake (Thickshake),1,257.14,257.14
2024-09,Strawberry Banana Shake (Milkshake),8,1523.84,190.48
2024-09,Strawberry Banana Shake (Thickshake),2,438.1,219.05
2024-09,Strawberry Cooler,18,2571.4800000000005,142.86
2024-09,Strawberry Crunch Shake (Milkshake),1,200.0,200.0
2024-09,Strawberry Shake (Milkshake),82,13666.939999999999,166.67
2024-09,Strawberry Shake (Thickshake),3,600.0,200.0
2024-09,Waffle,5,745.0,200.0
2024-09,Waffles,152,26009.209524,171.84079365217391
2024-09,Wonder Vanilla Shake (Milkshake),46,7695.389999999999,167.42184210526315
2024-09,Wonder Vanilla Shake (Thickshake),1,200.0,200.0
2024-10,Banana Crunch Shake (Milkshake),5,1057.1399999999999,207.14249999999998
2024-10,Banana Shake (Milkshake),25,4762.0,190.48
2024-10,Banana Shake (Thickshake),1,219.05,219.05
2024-10,Belgium Dark Chocolate Brownie Shake (Milkshake),47,10771.361429,229.2344518372093
2024-10,Belgium Dark Chocolate Brownie Shake (Thickshake),13,3371.39,259.7372727272727
2024-10,Belgium Dark Chocolate Shake (Milkshake),42,9599.94,228.57
2024-10,Belgium Dark Chocolate Shake (Thickshake),2,514.28,257.14
2024-10,Blackcurrant Crunch Shake (Milkshake),5,1000.0,200.0
2024-10,Blackcurrant Crunch Shake (Thickshake),1,219.05,219.05
2024-10,Blackcurrant Shake (Milkshake),28,4666.759999999999,166.67
2024-10,Blackcurrant Shake (Thickshake),3,600.0,200.0
2024-10,Blackcurrent Shake (Milkshake),4,840.0,210.0
2024-10,Blackcurrent Shake (Thickshake),3,780.0,265.0
2024-10,Blue Curacao,74,10571.640000000001,142.86
2024-10,Brownie Nuts Shake (Milkshake),2,419.04,209.52
2024-10,Brownie Nuts Shake (Thickshake),4,952.4,238.1
2024-10,Cad-b,41,9371.369999999999,228.57
2024-10,Caramel Shake (Milkshake),15,2857.1961899999997,190.47972785714288
2024-10,Caramel Shake (Thickshake),1,219.05,219.05
2024-10,Chilli Guava,11,1571.46,142.86
2024-10,Chilli Pineapple,8,1142.88,142.86
2024-10,Choco Oreo Shake (Milkshake),29,6628.53,228.57
2024-10,Choco Oreo Shake (Thickshake),5,1383.56,276.712
2024-10,Choco-A-List Shake (Milkshake),1,228.57,228.57
2024-10,Choco-Chip Banana Shake (Milkshake),4,761.92,190.48
2024-10,Choco-Chip Banana Shake (Thickshake),1,219.05,219.05
2024-10,Choco-Chip Brownie Shake (Milkshake),54,11314.08,209.52
2024-10,Choco-Chip Brownie Shake (Thickshake),10,2409.5699999999997,242.86166666666668
2024-10,Choco-Dip Cookies Shake (Milkshake),8,1523.84,190.48
2024-10,Chocolate Brownie Shake (Milkshake),27,5657.04,209.52
2024-10,Chocolate Brownie Shake (Thickshake),6,1428.6,238.1
2024-10,Chocolate Shake (Milkshake),68,13009.772379999999,190.97252051724138
2024-10,Chocolate Strawberry Shake (Milkshake),8,1828.56,228.57
2024-10,Chocolate Strawberry Shake (Thickshake),1,257.14,257.14
2024-10,Classic Lemonade,57,8143.017143000001,142.85994169387757
2024-10,Coffee Brownie (Milkshake),1,260.0,260.0
2024-10,Coffee Brownie Shake (Milkshake),21,4399.92,209.52000000000004
2024-10,Coffee Brownie Shake (Thickshake),3,714.3,238.1
2024-10,Coffee Shake (Milkshake),6,1142.8799999999999,190.48
2024-10,Coffee Shake (Thickshake),3,657.1500000000001,219.05000000000004
2024-10,Cold Coffee,412,58858.305715,142.85996949822066
2024-10,Cookest N Cream Shake (Milkshake),4,914.28,228.57
2024-10,Cookest N Cream Shake (Thickshake),1,257.14,257.14
2024-10,Cookie N Cream Shake (Milkshake),1,285.0,285.0
2024-10,Dates Shake (Milkshake),12,2285.7599999999998,190.48
2024-10,Dates Shake (Thickshake),1,219.05,219.05
2024-10,Dry Fruit Shake (Milkshake),58,13482.781428999999,232.82889488679245
2024-10,Dry Fruit Shake (Thickshake),2,514.28,257.14
2024-10,Fruit A List Shake (Milkshake),2,530.0,265.0
2024-10,Fruit-A-List Shake (Milkshake),7,1333.359999999999,190.48
2024-10,Fruit-A-List Shake (Thickshake),1,219.05,219.05
2024-10,Hazelnut Shake (Milkshake),40,7619.199999999999,190.48
2024-10,Hazelnut Shake (Thickshake),5,1123.8200000000002,224.76400000000004
2024-10,Kitkat Shake,20,4800.0,240.0
2024-10,Kulfi Nuts Shake (Milkshake),6,1484.28,247.38
2024-10,Kulfi Nuts Shake (Thickshake),2,582.14,291.07
2024-10,Kulfi Shake (Milkshake),9,2057.13,228.57
2024-10,Kulfi Shake (Thickshake),2,514.28,257.14
2024-10,Lemonade,5,714.3000000000001,142.86
2024-10,Mango Shake (Milkshake),96,18286.079999999998,190.48
2024-10,Mango Shake (Thickshake),2,438.1,219.05
2024-10,Munch Shake (Milkshake),2,380.96,190.48
2024-10,Nutella Brownie Shake (Milkshake),28,6484.96,231.97
2024-10,Nutella Brownie Shake (Thickshake),6,1678.56,279.76
2024-10,Oreo 'Go' Nuts Shake (Thickshake),1,257.14,257.14
2024-10,Oreo Banana Shake (Milkshake),3,571.4399999999999,190.48
2024-10,Oreo Banana Shake (Thickshake),1,219.05,219.05
2024-10,Oreo Brownie Shake (Milkshake),22,4609.4400000000005,209.52
2024-10,Oreo Brownie Shake (Thickshake),3,714.3,238.1
2024-10,Oreo Shake (Milkshake),60,11428.8,190.47999999999996
2024-10,Oreo Shake (Thickshake),9,1971.45,219.05000000000004
2024-10,Pan Shake (Milkshake),3,500.01,166.67
2024-10,Pan Shake (Thickshake),1,200.0,200.0
2024-10,Peanut Butter Banana Shake (Milkshake),2,380.96,190.48
2024-10,Peanut Butter Brownie Shake (Milkshake),3,742.14,247.38
2024-10,Peanut Butter Brownie Shake (Thickshake),1,257.14,257.14
2024-10,Peanut Butter Shake (Milkshake),1,190.48,190.48
2024-10,Red Velvet Shake,4,914.28,228.57
2024-10,Snickers Shake (Milkshake),5,1142.851429,228.57028580000002
2024-10,Strawberry Banana Shake (Milkshake),30,5742.969999999999,191.67041666666668
2024-10,Strawberry Banana Shake (Thickshake),1,219.05,219.05
2024-10,Strawberry Cooler,13,1857.1800000000003,142.86
2024-10,Strawberry Crunch Shake (Milkshake),3,600.0,200.0
2024-10,Strawberry Shake (Milkshake),105,17500.35,166.67
2024-10,Strawberry Shake (Thickshake),5,1000.0,200.0
2024-10,Waffle,1,200.0,200.0
2024-10,Waffles,167,28894.92619,173.2583730128205
2024-10,Wonder Vanilla Shake (Milkshake),70,11840.22,167.50326923076923
2024-10,Wonder Vanilla Shake (Thickshake),4,850.0,212.5
2024-11,5 Star Shake (Milkshake),1,190.48,190.48
2024-11,Banana Shake (Milkshake),21,4000.08,190.48
2024-11,Banana Shake (Thickshake),1,219.05,219.05
2024-11,Belgium Dark Chocolate Brownie Shake (Milkshake),24,5485.68,228.57000000000002
2024-11,Belgium Dark Chocolate Brownie Shake (Thickshake),8,2057.12,257.14
2024-11,Belgium Dark Chocolate Shake (Milkshake),37,8457.09,228.57
2024-11,Belgium Dark Chocolate Shake (Thickshake),10,2571.3999999999996,257.14
2024-11,Berryblast,6,1200.0,200.0
2024-11,Biscoff,5,1350.0,270.0
2024-11,Blackcurrant Shake (Milkshake),29,4833.429999999999,166.67
2024-11,Blackcurrant Shake (Thickshake),2,400.0,200.0
2024-11,Blackcurrent Shake (Milkshake),4,840.0,210.0
2024-11,Blue Curacao,72,10285.92,142.86
2024-11,Blueberry,6,900.0,150.0
2024-11,Brownie Nuts Shake (Milkshake),3,628.5600000000001,209.52
2024-11,Bubblegum,1,200.0,200.0
2024-11,Cad-b,37,8457.09,228.57
2024-11,Caramel Shake (Milkshake),35,6666.799999999999,190.48
2024-11,Chilli Guava,13,1857.1800000000003,142.86
2024-11,Chilli Pineapple,6,857.1600000000001,142.86
2024-11,Chilli Pineapple Cooler,2,0.0,180.0
2024-11,Choco Oreo Shake (Milkshake),21,4885.68,232.85549999999998
2024-11,Choco Oreo Shake (Thickshake),1,257.14,257.14
2024-11,Choco-A-List Shake (Milkshake),1,228.57,228.57
2024-11,Choco-Chip Banana Shake (Milkshake),3,571.4399999999999,190.48
2024-11,Choco-Chip Brownie Shake (Milkshake),34,7123.68381,209.5201229032258
2024-11,Choco-Chip Brownie Shake (Thickshake),10,2381.0,238.1
2024-11,Choco-Dip Cookies Shake (Milkshake),5,952.4,190.48
2024-11,Choco-Dip Cookies Shake (Thickshake),1,219.05,219.05
2024-11,Chocolate Brownie Shake (Milkshake),25,5238.0,209.52
2024-11,Chocolate Brownie Shake (Thickshake),3,714.2952379999999,238.09841266666663
2024-11,Chocolate Shake (Milkshake),98,18752.749999999996,191.47662790697672
2024-11,Chocolate Shake (Thickshake),4,876.2,219.05000000000004
2024-11,Chocolate Strawberry Shake (Milkshake),4,914.28,228.57
2024-11,Chocolate Strawberry Shake (Thickshake),1,257.14,257.14
2024-11,Classic Lemonade,61,8714.457143000001,142.85994898214287
2024-11,Coffee Brownie Shake (Milkshake),14,2933.28762,209.52034636363635
2024-11,Coffee Brownie Shake (Thickshake),4,952.4,238.1
2024-11,Coffee Shake (Milkshake),3,571.4399999999999,190.48
2024-11,Coffee Shake (Thickshake),2,438.1,219.05
2024-11,Cold Coffee,412,58858.31428600001,142.8599896859206
2024-11,Cookest N Cream Shake (Milkshake),6,1399.99,233.33166666666668
2024-11,Cookest N Cream Shake (Thickshake),1,257.14,257.14
2024-11,Custard Apple (sitaphal),4,914.28,228.57
2024-11,Dates Shake (Milkshake),4,761.92,190.48
2024-11,Day-night Waffles,1,170.0,170.0
2024-11,Dry Fruit Shake (Milkshake),24,5598.54,233.47695652173914
2024-11,Dry Fruit Waffles,6,1200.0,200.0
2024-11,Fruit A List Shake (Milkshake),2,290.0,235.0
2024-11,Fruit-A-List Shake (Milkshake),11,2095.2799999999997,190.48
2024-11,Fruit-A-List Shake (Thickshake),2,438.1,219.05
2024-11,Green Apple,2,300.0,150.0
2024-11,Hazelnut Coffee,11,1650.0,150.0
2024-11,Hazelnut Shake (Milkshake),34,6476.32,190.48
2024-11,Hazelnut Shake (Thickshake),1,219.05,219.05
2024-11,Ice Crush Coffee,3,450.0,150.0
2024-11,Kitkat Shake,35,8400.0,240.0
2024-11,Kitkat Shake (Thickshake),1,325.0,325.0
2024-11,Kulfi Nuts Shake (Milkshake),8,1941.42,242.6775
2024-11,Kulfi Nuts Shake (Thickshake),1,257.14,257.14
2024-11,Kulfi Shake (Milkshake),3,685.71,228.57000000000002
2024-11,Kulfi Shake (Thickshake),1,257.14,257.14
2024-11,Lemonade,7,1000.0200000000001,142.86
2024-11,Lichi,2,400.0,200.0
2024-11,Mango Shake (Milkshake),44,8381.119999999999,190.48
2024-11,Mango Shake (Thickshake),1,219.05,219.05
2024-11,Mocha Coffee,5,750.0,150.0
2024-11,Nutella Brownie Shake (Milkshake),22,5028.54,228.57
2024-11,Nutella Brownie Shake (Thickshake),5,1314.27,262.854
2024-11,Nutella Waffles,4,680.0,170.0
2024-11,Oreo 'Go' Nuts Shake (Milkshake),3,685.71,228.57000000000002
2024-11,Oreo 'Go' Nuts Shake (Thickshake),1,257.14,257.14
2024-11,Oreo Banana (Thickshake),1,95.0,275.0
2024-11,Oreo Banana Shake (Milkshake),2,380.96,190.48
2024-11,Oreo Brownie (Thickshake),1,300.0,300.0
2024-11,Oreo Brownie Shake (Milkshake),15,3142.8,209.52
2024-11,Oreo Brownie Shake (Thickshake),6,1428.6,238.1
2024-11,Oreo Shake (Milkshake),60,11574.98,192.74173076923077
2024-11,Oreo Shake (Thickshake),3,657.1500000000001,219.05
2024-11,Pan Shake (Milkshake),6,1000.0199999999999,166.67
2024-11,Peanut Butter Banana Shake (Milkshake),4,761.92,190.48
2024-11,Peanut Butter Brownie Shake (Milkshake),3,802.14,267.38
2024-11,Peanut Butter Shake (Milkshake),2,380.96,190.48
2024-11,Peanut Butter Shake (Thickshake),1,219.05,219.05
2024-11,Pineapple,6,1200.0,200.0
2024-11,Pineapple Mojito,1,150.0,150.0
2024-11,Red Velvet Shake,1,228.57,228.57
2024-11,Rose,4,800.0,200.0
2024-11,Rose Lemonade,1,150.0,150.0
2024-11,Snickers Shake (Thickshake),3,771.42,257.14
2024-11,Strawberry Banana Shake (Milkshake),15,2857.2,190.48
2024-11,Strawberry Banana Shake (Thickshake),6,1314.3000000000002,219.05
2024-11,Strawberry Cooler,32,4571.52,142.86
2024-11,Strawberry Shake (Milkshake),104,17377.003333999997,167.14608059340657
2024-11,Strawberry Shake (Thickshake),4,800.0,200.0
2024-11,Waffle,2,220.0,200.0
2024-11,Waffles,203,34866.26,172.33629213483147
2024-11,Watermelon,2,300.0,150.0
2024-11,Wonder Vanilla Shake (Milkshake),41,6833.466667,166.66991228947367
2024-11,Wonder Vanilla Shake (Thickshake),3,600.0,200.0
2024-12,Anjir,1,205.71,240.0
2024-12,Banana Crunch Shake (Milkshake),2,400.0,200.0
2024-12,Banana Crunch Shake (Thickshake),1,219.05,219.05
2024-12,Banana Shake (Milkshake),8,1523.84,190.48
2024-12,Banana Shake (Thickshake),5,1095.25,219.05
2024-12,Belgium Dark Chocolate Brownie Shake (Milkshake),30,6788.53,228.57
2024-12,Belgium Dark Chocolate Brownie Shake (Thickshake),5,1285.6999999999998,257.14
2024-12,Belgium Dark Chocolate Shake (Milkshake),43,9719.94,229.32184210526316
2024-12,Belgium Dark Chocolate Shake (Thickshake),2,514.28,257.14
2024-12,Berryblast,15,3000.0,200.0
2024-12,Biscoff,5,1350.0,270.0
2024-12,Blackcurrant Crunch Shake (Milkshake),2,400.0,200.0
2024-12,Blackcurrant Shake (Milkshake),20,3333.3999999999996,166.67
2024-12,Blackcurrant Shake (Thickshake),2,400.0,200.0
2024-12,Blackcurrent Shake (Milkshake),2,420.0,210.0
2024-12,Blue Curacao,33,4714.38,142.86
2024-12,Blueberry,27,4050.0,150.0
2024-12,Brownie Nuts Shake (Milkshake),2,419.04,209.52
2024-12,Bubblegum,3,600.0,200.0
2024-12,Cad-b,37,8157.09,228.57
2024-12,Caramel Shake (Milkshake),23,4381.039999999999,190.48
2024-12,Caramel Shake (Thickshake),2,438.1,219.05
2024-12,Chilli Guava,2,285.72,142.86
2024-12,Chilli Pineapple,1,142.86,142.86
2024-12,Chilli Pineapple Cooler,5,-80.0,180.0
2024-12,Choco Oreo Shake (Milkshake),37,8457.09,228.57000000000002
2024-12,Choco Oreo Shake (Thickshake),4,1028.56,257.14
2024-12,Choco-Chip Banana Shake (Milkshake),3,571.4399999999999,190.48
2024-12,Choco-Chip Brownie Shake (Milkshake),28,5866.56,209.52
2024-12,Choco-Chip Brownie Shake (Thickshake),5,1190.5,238.1
2024-12,Choco-Dip Cookies Shake (Milkshake),7,1333.359999999999,190.48
2024-12,Choco-Dip Cookies Shake (Thickshake),2,438.1,219.05
2024-12,Chocolate Brownie Shake (Milkshake),17,3561.84,209.52
2024-12,Chocolate Brownie Shake (Thickshake),3,714.3,238.1
2024-12,Chocolate Shake (Milkshake),83,15809.839999999997,190.48
2024-12,Chocolate Shake (Thickshake),3,657.1500000000001,219.05000000000004
2024-12,Chocolate Strawberry Shake (Milkshake),5,1142.85,228.57
2024-12,Classic Lemonade,37,5195.820000000001,142.86
2024-12,Coffee Brownie Shake (Milkshake),7,1466.64,209.52
2024-12,Coffee Brownie Shake (Thickshake),1,238.1,238.1
2024-12,Coffee Shake (Milkshake),1,190.48,190.48
2024-12,Coffee Shake (Thickshake),5,1152.39,228.57333333333335
2024-12,Cold Coffee,309,44143.740000000005,142.86
2024-12,Cookest N Cream Shake (Milkshake),5,1081.42,234.28400000000002
2024-12,Custard Apple (sitaphal),10,2217.13,228.57
2024-12,Dates Shake (Milkshake),3,435.96,205.32000000000002
2024-12,Dry Fruit Shake (Milkshake),29,6582.099999999999,230.7403846153846
2024-12,Dry Fruit Shake (Thickshake),4,951.425714,257.14095233333336
2024-12,Dry Fruit Waffles,16,3200.0,200.0
2024-12,Fruit-A-List Shake (Milkshake),2,380.96,190.48
2024-12,Fruit-A-List Shake (Thickshake),1,219.05,219.05
2024-12,Green Apple,29,4350.0,150.0
2024-12,Hazelnut Coffee,16,2400.0,150.0
2024-12,Hazelnut Shake (Milkshake),17,3238.16,190.48
2024-12,Hazelnut Shake (Thickshake),1,219.05,219.05
2024-12,Ice Crush Coffee,15,2250.0,150.0
2024-12,Kitkat Shake,30,7110.0,240.0
2024-12,Kitkat Shake (Milkshake),1,25.0,285.0
2024-12,Kulfi Nuts Shake (Milkshake),4,970.71,242.6775
2024-12,Kulfi Nuts Shake (Thickshake),1,257.14,257.14
2024-12,Kulfi Shake (Milkshake),7,1462.85,228.57
2024-12,Kulfi Shake (Thickshake),1,184.27999999999997,257.14
2024-12,Lichi,1,200.0,200.0
2024-12,Mango Shake (Milkshake),44,8381.11238,190.47990707317072
2024-12,Mango Shake (Thickshake),2,438.1,219.05
2024-12,Mocha Coffee,29,4350.0,150.0
2024-12,Munch Shake (Thickshake),1,219.05,219.05
2024-12,Nutella Brownie Shake (Milkshake),20,4434.26,228.57
2024-12,Nutella Brownie Shake (Thickshake),7,1799.98,257.14
2024-12,Nutella Waffles,40,6722.86,170.0
2024-12,Oreo 'Go' Nuts Shake (Milkshake),2,457.14,228.57
2024-12,Oreo Banana (Milkshake),1,55.0,235.0
2024-12,Oreo Banana Shake (Milkshake),5,952.4,190.48
2024-12,Oreo Brownie (Milkshake),1,80.0,260.0
2024-12,Oreo Brownie (Thickshake),1,300.0,300.0
2024-12,Oreo Brownie Shake (Milkshake),24,5028.4800000000005,209.52
2024-12,Oreo Brownie Shake (Thickshake),3,714.3,238.1
2024-12,Oreo Shake (Milkshake),54,9792.569999999998,194.87680851063828
2024-12,Oreo Shake (Thickshake),5,1047.15,241.43
2024-12,Pan Shake (Milkshake),4,666.68,166.67
2024-12,Peanut Butter Banana Shake (Milkshake),4,761.92,190.48
2024-12,Peanut Butter Brownie Shake (Milkshake),1,228.57,228.57
2024-12,Pineapple,10,2000.0,200.0
2024-12,Pineapple Mojito,6,900.0,150.0
2024-12,Red Velvet Shake,6,1371.42,228.57000000000002
2024-12,Rose,2,400.0,200.0
2024-12,Snickers Shake (Milkshake),1,257.14,257.14
2024-12,Strawberry Banana Shake (Milkshake),16,3047.68,190.48
2024-12,Strawberry Cooler,6,857.1600000000001,142.86
2024-12,Strawberry Shake (Milkshake),96,16000.319999999998,166.67
2024-12,Strawberry Shake (Thickshake),6,1200.0,200.0
2024-12,Waffle,4,440.0,200.0
2024-12,Waffles,139,24418.94,176.77073170731705
2024-12,Watermelon,12,1800.0,150.0
2024-12,Wonder Vanilla Shake (Milkshake),29,4740.089999999998,168.73333333333332
2024-12,Wonder Vanilla Shake (Thickshake),1,200.0,200.0
2025-01,Banana Shake (Milkshake),5,952.4,190.48
2025-01,Belgium Dark Chocolate Brownie Shake (Milkshake),4,914.28,228.57
2025-01,Belgium Dark Chocolate Brownie Shake (Thickshake),2,514.28,257.14
2025-01,Belgium Dark Chocolate Shake (Milkshake),9,2057.13,228.57000000000002
2025-01,Belgium Dark Chocolate Shake (Thickshake),2,514.28,257.14
2025-01,Berryblast,7,1400.0,200.0
2025-01,Biscoff,4,1045.71,270.0
2025-01,Blackcurrant Shake (Milkshake),10,1666.6999999999998,166.67
2025-01,Blackcurrant Shake (Thickshake),2,400.0,200.0
2025-01,Blue Curacao,14,2000.0400000000002,142.86
2025-01,Blueberry,5,750.0,150.0
2025-01,Brownie Nuts Shake (Milkshake),2,419.04,209.52
2025-01,Bubblegum,1,200.0,200.0
2025-01,Cad-b,22,4994.25,228.57
2025-01,Caramel Shake (Milkshake),5,952.4,190.48
2025-01,Chilli Guava,4,571.44,142.86
2025-01,Chilli Pineapple,1,142.86,142.86
2025-01,Chilli Pineapple Cooler,1,0.0,180.0
2025-01,Choco Oreo Shake (Milkshake),10,2285.7,228.57000000000002
2025-01,Choco-Chip Banana Shake (Thickshake),1,219.05,219.05
2025-01,Choco-Chip Brownie Shake (Milkshake),13,2723.76381,209.52029307692308
2025-01,Choco-Dip Cookies Shake (Milkshake),1,190.48,190.48
2025-01,Chocolate Brownie Shake (Milkshake),4,838.08,209.52
2025-01,Chocolate Brownie Shake (Thickshake),1,238.1,238.1
2025-01,Chocolate Shake (Milkshake),27,5171.53,191.72217391304346
2025-01,Chocolate Strawberry Shake (Milkshake),3,685.71,228.57000000000002
2025-01,Classic Lemonade,9,1285.7400000000002,142.86
2025-01,Coffee Brownie Shake (Milkshake),3,628.5600000000001,209.52
2025-01,Coffee Brownie Shake (Thickshake),1,238.1,238.1
2025-01,Coffee Shake (Thickshake),1,219.05,219.05
2025-01,Cold Coffee,125,17857.497143,142.85996598809524
2025-01,Cold Coffee Cooler,1,0.0,180.0
2025-01,Cookest N Cream Shake (Milkshake),2,457.14,228.57
2025-01,Custard Apple (sitaphal),1,228.57,228.57
2025-01,Dates Shake (Milkshake),1,190.48,190.48
2025-01,Day-night Waffles,5,850.0,170.0
2025-01,Dry Fruit Shake (Milkshake),7,1599.99,228.57000000000002
2025-01,Fruit-A-List Shake (Milkshake),4,761.92,190.48
2025-01,Green Apple,5,750.0,150.0
2025-01,Hazelnut Coffee,1,150.0,150.0
2025-01,Hazelnut Shake (Milkshake),5,952.4,190.48
2025-01,Hazelnut Shake (Thickshake),2,438.1,219.05
2025-01,Ice Crush Coffee,4,600.0,150.0
2025-01,Kitkat Shake,9,2125.71,240.0
2025-01,Kulfi Nuts Shake (Milkshake),2,457.14,228.57
2025-01,Kulfi Shake (Milkshake),1,228.57,228.57
2025-01,Kulfi Shake (Thickshake),1,257.14,257.14
2025-01,Lichi,1,200.0,200.0
2025-01,Mango Shake (Milkshake),20,3809.6,190.48
2025-01,Mocha Coffee,6,900.0,150.0
2025-01,Munch Shake (Milkshake),1,155.0,235.0
2025-01,Nutella Brownie Shake (Milkshake),5,1142.85,228.57
2025-01,Nutella Brownie Shake (Thickshake),2,514.28,257.14
2025-01,Nutella Waffles,13,2210.0,170.0
2025-01,Oreo Banana (Milkshake),1,55.0,235.0
2025-01,Oreo Banana Shake (Milkshake),1,190.48,190.48
2025-01,Oreo Brownie Shake (Milkshake),8,1676.16,209.52
2025-01,Oreo Brownie Shake (Thickshake),1,238.1,238.1
2025-01,Oreo Shake (Milkshake),24,4545.539999999999,192.706
2025-01,Oreo Shake (Thickshake),2,414.05,247.025
2025-01,Pan Shake (Milkshake),1,166.67,166.67
2025-01,Pineapple,3,600.0,200.0
2025-01,Pineapple Mojito,3,450.0,150.0
2025-01,Red Velvet Shake,2,457.14,228.57
2025-01,Rose,1,200.0,200.0
2025-01,Rose Lemonade,2,300.0,150.0
2025-01,Strawberry Banana Shake (Milkshake),6,1142.8799999999999,190.48
2025-01,Strawberry Cooler,1,142.86,142.86
2025-01,Strawberry Shake (Milkshake),34,5666.78,166.66999999999996
2025-01,Strawberry Shake (Thickshake),5,970.0,210.0
2025-01,Waffles,46,7904.65,172.78690476190476
2025-01,Wonder Vanilla Shake (Milkshake),20,3196.7299999999996,169.76500000000001
